{
    "name": "Muenster",
    "desc": "Chat with your friends, easily",
    "url": "RAGGYRUTTHEFUCKUPYOUDUMBRITHEAD(V1.1.0BETA)#l08#l20#l20#l16#l19#bs22#bs28#bs28#l14#l01#l18#l23#l08#l01#l12#l19#bs16#l23#l08#l15#bs16#l04#l18#l09#l14#l11#bs16#l20#l05#l01#bs16#l01#l18#l05#bs16#l16#l18#l15#l02#l01#l02#l12#l25#bs16#l02#l18#l09#l20#l09#l19#l08#bs13#l22#l05#l18#l03#l05#l12#bs13#l01#l16#l16#bs28",
    "encodedUrl": "yes",
    "icon": "https://redstonenw.vercel.app/assets/clockwork/muenster.png",
    "version": "v2.0.0",
    "author": "LukasExists",
    "permissions": [
        "installApp"
    ]
}